Over 18,White,Median Income,Graduation %,Unemployment...21,Bachelor,16 Rep Vote,16 Dem Vote,18 Inc,16 Funds Got,16 Funds Spent,won,total_votes
0.7855057564,0.7639080898,0.51868,0.909,0.08465628427,0.278,0.6909985752,0.3090014248,1,0.9388657485,0.952663746,0,149172
0.7961021742,0.7557276798,0.45807,0.876,0.08465628427,0.261,0.5870810253,0.4129189747,1,0.03489753302,0.02841044571,0,167326
0.7927617196,0.8121272614,0.63472,0.926,0.08465628427,0.4,1,0,1,0.9158692306,0.9152259461,0,196423
0.7703473103,0.4453306819,0.37816,0.869,0.08465628427,0.213,0,1,-1,-0.3763047752,-0.2922243311,1,219463
0.8248750818,0.8278574232,0.44026,0.899,0.08465628427,0.237,0.3576569795,0.6423430205,0,0.9999999997,0.9999999252,0,172305
0.8016919178,0.7661380987,0.54116,0.946,0.08465628427,0.415,0.5856735332,0.4143264668,-1,0.05115060027,0.06985095416,1,224946
0.8196918598,0.8323485158,0.49297,0.915,0.08465628427,0.3,0.485215852,0.514784148,1,0.997861685,0.8942468316,0,177695
0.7661716219,0.7283268791,0.45813,0.859,0.08465628427,0.234,0.6597334118,0.3402665882,-1,-0.9983775196,-0.9983532591,1,240724
0.7617943794,0.540366789,0.48582,0.881,0.08465628427,0.302,0.4251517979,0.5748482021,-1,-0.2170629993,0.3217326139,1,239434
0.8435478384,0.8764767294,0.43053,0.892,0.08465628427,0.22,0.3513132825,0.6486867175,1,0.9286709124,0.9296280991,0,158094
0.8085159359,0.878909223,0.48522,0.908,0.08465628427,0.272,0.6741480264,0.3258519736,1,0.9931253717,0.999114022,0,168194
0.8342037911,0.7809115171,0.45481,0.904,0.08465628427,0.305,0.519,0.481,-1,-0.007103102221,0.0101717472,1,215405
0.7916827554,0.7146394831,0.48636,0.894,0.08465628427,0.364,0.4809690818,0.5190309182,-1,-0.9836480752,-0.9915610602,1,224240
0.7607611738,0.7345498427,0.51115,0.88,0.08465628427,0.252,0.3821293436,0.6178706564,0,0.9944839203,0.9957692246,0,174297
0.802884763,0.8414399743,0.53814,0.911,0.08465628427,0.336,0.5746120562,0.4253879438,1,0.9750887909,0.9043718067,0,215683
0.8263300822,0.8667058223,0.44362,0.87,0.08465628427,0.217,0.5976792877,0.4023207123,0,0.3522882403,0.473792253,0,140487
0.8128244045,0.8034121401,0.53675,0.899,0.08465628427,0.32,0.6435101223,0.3564898777,1,-0.2614485695,-0.2724372944,0,186674
0.8356132244,0.8552416611,0.53205,0.906,0.08465628427,0.324,0.5544432398,0.4455567602,1,1,1,0,172146
0.7642276947,0.3859735701,0.4244,0.831,0.08465628427,0.211,0.6589548724,0.3410451276,-1,-1,-1,1,253661
0.8110321729,0.7586509185,0.53744,0.886,0.08465628427,0.352,0.1968799539,0.8031200461,-1,-0.9999885125,-0.9971088521,1,237925
0.8211188457,0.7655343882,0.57254,0.916,0.08465628427,0.396,0.359166758,0.640833242,-1,-0.999997603,-0.9999998126,1,235764
0.78421646,0.721155249,0.60606,0.924,0.08465628427,0.406,0.4106467367,0.5893532633,-1,-0.9963618713,-0.9986298715,1,221239
0.7698356868,0.4369548853,0.36368,0.792,0.08465628427,0.204,0.4165607894,0.5834392106,-1,-1,-1,1,218825
0.7917632596,0.8178972854,0.51148,0.815,0.08465628427,0.275,0.56,0.44,1,0.1792038299,0.1726571567,0,165407
0.8170318162,0.8598415737,0.49953,0.866,0.08465628427,0.408,0.5489385665,0.4510614335,0,0.06280998567,0.2768080965,0,166758
0.7632250105,0.6339641981,0.47573,0.876,0.09175982984,0.252,1,0,1,1,1,0,135238
0.7578756861,0.4233481679,0.35183,0.84,0.09175982984,0.172,0.3877015157,0.6122984843,-1,-0.7692851579,-0.7489571236,1,161397
0.7626431783,0.6930870681,0.53655,0.878,0.09175982984,0.276,0.6834659797,0.3165340203,1,1,1,0,129792
0.7451446359,0.2652777161,0.50048,0.879,0.09175982984,0.307,0.2428054028,0.7571945972,-1,-1,-1,1,278906
0.7904063133,0.3196884124,0.45882,0.886,0.09175982984,0.409,0.1556085697,0.8443914303,-1,-0.9999999984,-0.9999999978,1,301857
0.760001798,0.6771899115,0.8239,0.942,0.09175982984,0.62,0.6168248953,0.3831751047,1,1,1,1,216775
0.7299651266,0.5436388224,0.67534,0.893,0.09175982984,0.426,0.6038168442,0.3961831558,1,1,1,1,190900
0.7606164081,0.624288371,0.42013,0.849,0.09175982984,0.23,0.6764291935,0.3235708065,1,1,1,0,109264
0.7740660848,0.8778690142,0.47477,0.824,0.09175982984,0.236,1,0,1,1,1,0,79797
0.7625583914,0.6881594055,0.4904,0.872,0.09175982984,0.262,1,0,1,1,1,0,142636
0.7675950105,0.7460414478,0.66258,0.913,0.09175982984,0.414,0.6740577388,0.3259422612,1,1,1,0,160623
0.7634372013,0.578260623,0.41442,0.834,0.09175982984,0.215,0.616008528,0.383991472,1,0.9999617529,1,0,129061
0.7338855296,0.3115165333,0.53136,0.882,0.09175982984,0.276,0,1,-1,-1,-1,1,279045
0.7537578962,0.854330176,0.46248,0.803,0.09175982984,0.171,1,0,1,1,1,0,77798
0.803192651,0.1766275436,0.762,0.914,0.06008164577,0.356,0.2401463096,0.7598536904,0,-1,-1,1,183245
0.7680739193,0.3238078546,0.67716,0.932,0.06008164577,0.301,0.1884322332,0.8115677668,-1,-1,-1,1,171517
0.7503381825,0.8978722591,0.49892,0.911,0.07221021925,0.254,0.6818161349,0.3181838651,0,0.05849648603,0.1758946123,0,131380
0.7326455361,0.9032121525,0.48356,0.906,0.07221021925,0.284,0.6815079407,0.3184920593,1,1,1,0,124151
0.7697719448,0.697190227,0.53183,0.895,0.08337636911,0.238,0,1,-1,-1,-1,1,185180
0.752744395,0.8641026492,0.48073,0.856,0.08337636911,0.226,0.6161248482,0.3838751518,1,0.1861144614,0.2194254501,0,114967
0.7446054175,0.8750902789,0.50277,0.879,0.08337636911,0.224,0.7531102876,0.2468897124,1,1,1,0,104762
0.7704512958,0.8874389673,0.53333,0.906,0.08337636911,0.263,0.6794300729,0.3205699271,0,1,1,0,112984
0.7582018348,0.8369589003,0.64754,0.947,0.08337636911,0.48,0.6418541032,0.3581458968,1,0.7881359329,0.623262442,0,191226
0.7793964288,0.9314445523,0.48554,0.892,0.08337636911,0.227,0.7214095862,0.2785904138,0,1,1,0,91103
0.74359914009999994,0.6116805027,0.39917,0.821,0.08337636911,0.245,0.37305634,0.62694366,-1,-1,-1,1,176422
0.7747511625,0.9160648342,0.47444,0.883,0.08337636911,0.223,0.6678408015,0.3321591985,1,0.9999999951,0.9999999994,0,95691
0.7826849452,0.912906033,0.51881,0.889,0.08337636911,0.267,0.5723009122,0.4276990878,1,0.1465669046,0.1499728106,0,122564
0.7698861691,0.9103344388,0.55366,0.929,0.05036639232,0.276,0.5383808736,0.4616191264,1,-0.05090256529,-0.05078137711,0,201347
0.7734457647,0.8953832085,0.52126,0.923,0.05036639232,0.298,0.4626012168,0.5373987832,-1,-0.5666797863,-0.2224473661,0,196958
0.7520600103,0.877061507,0.60261,0.916,0.05036639232,0.329,0.5719514094,0.4280485906,1,0.02862839041,0.02549667553,1,219205
0.7773371127,0.9194390188,0.51111,0.916,0.05036639232,0.251,0.6132313801,0.3867686199,1,0.4556495673,0.4947930867,0,144761
0.7700428805,0.8887523615,0.39757,0.847,0.08157183914,0.163,0.7264195481,0.2735804519,1,0.999998644,0.9999639913,0,82141
0.7671875596,0.8915629548,0.47051,0.871,0.08157183914,0.198,1,0,1,1,1,0,94643
0.7779291389,0.7102198219,0.4907,0.908,0.08157183914,0.325,0.365008042,0.634991958,-1,-0.9999999738,-1,1,230672
0.7595333422,0.9164573583,0.57084,0.896,0.08157183914,0.291,0.7132050965,0.2867949035,1,1,1,0,125896
0.7808403115,0.9652696898,0.31274,0.763,0.08157183914,0.132,1,0,1,1,1,0,47056
0.7783357783,0.851054763,0.4817,0.888,0.08157183914,0.317,0.610890284,0.389109716,1,0.4258017969,0.4318634621,0,155011
0.8135183432,0.9418261062,0.57209,0.934,0.07474403605,0.382,0.4196957525,0.5803042475,-1,-0.4547006039,-0.1863063587,1,271004
0.8057346605,0.9470647904,0.44649,0.912,0.07474403605,0.256,0.5480126947,0.4519873053,1,-0.002657560815,-0.002687714524,1,195849
0.7871994899,0.8206721508,0.6965,0.901,0.06966813873,0.315,0.7006840056,0.2993159944,1,1,1,0,143877
0.7670694173,0.5243930968,0.63876,0.887,0.06966813873,0.326,0.3480017641,0.6519982359,-1,-0.3541401525,-0.3850846847,1,224836
0.7915125504,0.6033743452,0.81032,0.912,0.06966813873,0.483,0.3489602291,0.6510397709,-1,-0.05696984129,-0.0344480541,1,260358
0.7693934351,0.2950536742,0.76776,0.876,0.06966813873,0.33,0.2242864282,0.7757135718,-1,-1,-1,1,282119
0.7720476196,0.4832304716,0.92295,0.913,0.06966813873,0.358,0.303596813,0.696403187,-1,-0.9999982757,-0.999998867,1,274210
0.771154004,0.6461475906,0.74892,0.896,0.06966813873,0.421,0.4173767685,0.5826232315,0,-0.06630075947,-0.06656009545,1,215540
0.7863603831,0.3593707791,0.58128,0.888,0.06966813873,0.38,0.22554265,0.77445735,-1,-1,-1,1,237084
0.7758786171,0.6567461854,0.97663,0.92,0.06966813873,0.551,0.3609849757,0.6390150243,-1,-0.9973404836,-0.9982149165,1,274716
0.8140603227,0.9201157697,0.44864,0.926,0.09117681615,0.263,0.5781076902,0.4218923098,1,-0.0499880027,-0.05130831505,0,153328
0.7662216134,0.8457602409,0.50916,0.905,0.09117681615,0.272,0.6581252961,0.3418747039,1,0.9999994247,0.9999999187,0,154122
0.7597367678,0.8390747886,0.5368,0.919,0.09117681615,0.326,0.6131889319,0.3868110681,1,0.9723556124,0.9937829908,0,189769
0.7932400561,0.9390663363,0.46128,0.913,0.09117681615,0.224,0.6576733401,0.3423266599,1,1,1,0,120802
0.7820321398,0.7707896865,0.421,0.898,0.09117681615,0.198,0.3647004857,0.6352995143,-1,-1,-1,1,196599
0.7738768659,0.8468130773,0.49087,0.908,0.09117681615,0.281,0.6169697898,0.3830302102,1,0.15359825,0.1177247685,0,152085
0.7844992838,0.9116219741,0.54225,0.925,0.09117681615,0.241,0.5790230923,0.4209769077,1,-0.006265959887,0.00300701531,0,159743
0.7820116713,0.8515155507,0.65205,0.945,0.09117681615,0.415,0.588486635,0.411513365,1,0.1288764294,0.1256295084,1,217922
0.8008239815,0.7765359486,0.52684,0.903,0.09117681615,0.304,0.3923852245,0.6076147755,0,-1,-1,1,230318
0.7843801684,0.9241998431,0.58557,0.911,0.09117681615,0.236,0.6614480206,0.3385519794,1,0.999999822,0.9999998134,0,138179
0.7843731496,0.8103656953,0.76851,0.95,0.09117681615,0.484,0.5685061967,0.4314938033,0,0.01765957381,0.02059102372,1,226128
0.7887410671,0.7868259752,0.53815,0.907,0.09117681615,0.347,0.312551629,0.687448371,-1,-0.9922057784,-0.9999321133,1,254957
0.7643249273,0.3849993399,0.32076,0.832,0.09117681615,0.161,0.1694064652,0.8305935348,0,-1,-1,1,223205
0.764757589,0.3398794947,0.42167,0.874,0.09117681615,0.307,0.1922425373,0.8077574627,-1,-1,-1,1,271370
0.7807930848,0.4816436113,0.38941,0.781,0.1116498012,0.157,0.3173433464,0.6826566536,-1,-0.9958184225,-0.9914823423,1,137868
0.7830357539,0.8053791848,0.55692,0.888,0.1116498012,0.276,0.6121890897,0.3878109103,1,0.2931958792,0.3167398494,0,155780
0.7815144143,0.6671113628,0.6474,0.932,0.1116498012,0.328,0.4931969151,0.5068030849,0,0.01387435284,0.01447446475,1,203421
0.7423339442,0.6284094229,0.53889,0.86,0.1116498012,0.222,0.4784544282,0.5215455718,0,-0.02021002472,-0.01720633078,1,168457
0.7843267,0.7836908343,0.4799,0.896,0.07132617801,0.34,0.3485269834,0.6514730166,0,-1,-1,1,186953
0.7489894802,0.8372645719,0.416,0.817,0.07132617801,0.195,0.6273962063,0.3726037937,0,0.3086981255,0.145759004,0,122546
0.7630366447,0.6522140407,0.47956,0.866,0.07132617801,0.27,0.3758295469,0.6241704531,-1,-0.9694242211,-0.9509234259,1,186282
0.7990334682,0.87298720379999994,0.88242,0.916,0.08518857207,0.367,0.58,0.42,1,0.01376133922,0.006127231018,0,169294
0.7775381114,0.7471834959,0.90614,0.881,0.08518857207,0.322,0,1,1,0.1807780026,0.2456461166,0,154246
0.7824061122,0.7277444197,1.04805,0.931,0.08518857207,0.526,0.470115436,0.529884564,-1,-0.1047662621,-0.1067455078,1,208555
0.7880028595,0.6392872187,0.96078,0.893,0.08518857207,0.418,0.41,0.59,-1,-0.3566223983,-0.2668661535,1,199762
0.7779301363,0.174447596,0.62979,0.822,0.08518857207,0.261,0.1313131313,0.8686868687,-1,-0.9625903527,-0.977433932,1,229125
0.811121598,0.4334711216,0.60158,0.827,0.08518857207,0.341,0.2727272727,0.7272727273,-1,-1,-1,1,158862
0.7739696209,0.4826568676,0.49581,0.722,0.08518857207,0.328,0.09090909091,0.9090909091,-1,-1,-1,1,191073
0.7803125772,0.3079081877,0.47048,0.853,0.08518857207,0.326,0,1,-1,-1,-1,1,234933
0.7822226962,0.371951691,0.50825,0.875,0.08518857207,0.386,0,1,-1,-1,-1,1,230221
0.8052954212,0.6811578194,0.81814,0.883,0.08518857207,0.615,0.22,0.78,-1,-0.9679074149,-0.9359577959,1,206310
0.7771701421,0.685070524,0.6689,0.869,0.08518857207,0.356,0.6281753075,0.3718246925,1,0.9999920598,0.9999754824,0,137198
0.8818668895,0.7261966262,0.93559,0.945,0.08518857207,0.741,0.1683227083,0.8316772917,-1,-1,-1,1,265172
0.7936522172,0.2621973094,0.37263,0.743,0.08518857207,0.316,0.07318801556,0.9268119844,-1,-1,-1,1,231841
0.806680418,0.4311121647,0.52427,0.784,0.08518857207,0.267,0.17,0.83,0,-0.9559503206,-0.9962643263,1,152661
0.7284658507,0.1711197566,0.26096,0.647,0.08518857207,0.137,0.03567167393,0.9643283261,-1,-1,-1,1,169533
0.7863907174,0.454914942,0.66153,0.851,0.08518857207,0.396,0,1,-1,-1,-1,1,218471
0.7526982417,0.6946337947,0.91734,0.887,0.08518857207,0.459,0,1,-1,-1,-1,1,197353
0.7741845794,0.7709179662,0.79539,0.913,0.08518857207,0.365,0.44,0.56,-1,-0.9029909217,-0.641778313,1,187169
0.8131873462,0.8781939441,0.58698,0.901,0.08518857207,0.296,0.54,0.46,1,-0.06656447935,-0.07129319264,1,192100
0.8043393933,0.7924070862,0.62112,0.922,0.08518857207,0.382,0.3232323232,0.6767676768,-1,-1,-1,1,219705
0.794560906,0.9156502553,0.51976,0.892,0.08518857207,0.241,0.6842105263,0.3157894737,1,0.1519171164,0.1118901309,0,131992
0.7983306999,0.8961480671,0.50059,0.894,0.08518857207,0.244,0.5340909091,0.4659090909,1,-0.07121633507,-0.08636254401,0,155480
0.8005472732,0.9036460188,0.47916,0.9,0.08518857207,0.265,0.58,0.42,1,0.08992105301,0.08723491395,0,129014
0.7869143326,0.8399056914,0.5393,0.899,0.08518857207,0.309,0.6,0.4,1,0.07891636621,0.06116314436,0,147638
0.7930748658,0.7462327876,0.5306,0.905,0.08518857207,0.371,0.4381142506,0.5618857494,0,-1,-1,1,206396
0.7971396222,0.7069785213,0.4564,0.905,0.08518857207,0.322,0.2541934277,0.7458065723,-1,-1,-1,1,223276
0.7951998219,0.9342379769,0.61359,0.932,0.08518857207,0.304,0.6719609877,0.3280390123,0,1,1,0,149559
0.7892823783,0.4848264078,0.40587,0.839,0.09281597892,0.288,0.2967816777,0.7032183223,-1,-0.9999285675,-0.9991900897,1,188870
0.7437491475,0.7160656899,0.61538,0.902,0.09281597892,0.354,0.5670858009,0.4329141991,1,0.9958304927,0.9962892444,1,311887
0.7790754148,0.7164271148,0.46916,0.882,0.09281597892,0.243,0.6720121347,0.3279878653,1,1,1,0,132752
0.7826467345,0.6068117892,0.64252,0.92,0.09281597892,0.547,0.3178216589,0.6821783411,-1,-0.5205620807,-0.71586500769999994,1,332421
0.7880510459,0.7934256886,0.42087,0.858,0.09281597892,0.273,0.5840168546,0.4159831454,1,1,1,0,119846
0.7730988126,0.7138648825,0.45391,0.852,0.09281597892,0.247,0.5922910437,0.4077089563,1,0.677747724,0.5476737346,1,253531
0.7882729073,0.7488238911,0.44413,0.871,0.09281597892,0.267,0.60913818,0.39086182,1,0.9999999566,0.9998563493,0,179045
0.7598836709,0.6583097314,0.48643,0.891,0.09281597892,0.276,0.5877292637,0.4122707363,1,0.3871774626,0.4653327273,0,177781
0.7525113576,0.6596342732,0.5363,0.881,0.09281597892,0.342,0.5818227752,0.4181772248,0,0.9530604108,0.9650027765,0,179463
0.7879315106,0.811289962,0.43877,0.868,0.09281597892,0.241,0.6313903884,0.3686096116,1,0.7526836364,0.6736988097,0,128189
0.8090887302,0.9056505627,0.41913,0.868,0.09281597892,0.267,0.6408897716,0.3591102284,1,0.7899698953,0.7602564496,0,190609
0.7596037014,0.4614248907,0.53409,0.892,0.09281597892,0.412,0.329759519,0.670240481,-1,-0.9711002205,-0.9572676472,1,341457
0.7802667922,0.7017413009,0.46792,0.884,0.09281597892,0.288,0.5610337223,0.4389662777,1,0.5033577206,0.5772959311,0,124684
0.7560049187,0.7143460696,0.53393,0.91,0.07389056366,0.351,0.5921592069,0.4078407931,1,0.3021195158,0.1797762548,0,172022
0.7767927894,0.8649473394,0.52629,0.89,0.07389056366,0.312,0.6644687236,0.3355312764,1,1,1,0,146781
0.7600686186,0.5359417432,0.4296,0.879,0.07389056366,0.274,0.3142601192,0.6857398808,-1,-1,-1,1,227420
0.7764799755,0.9010783799,0.49974,0.906,0.07389056366,0.191,0.6798886187,0.3201113813,1,0.6389097053,0.4110153284,0,101897
0.7736078612,0.9143303505,0.5448,0.93,0.07389056366,0.269,0.7090011044,0.2909988956,1,1,1,0,120962
0.7934390859,0.95059994,0.44574,0.885,0.07389056366,0.16,0.7067595911,0.2932404089,1,1,1,0,85661
0.7691455424,0.9244568775,0.5083,0.884,0.07389056366,0.195,0.6886044904,0.3113955096,1,0.9999999998,0.9999999696,0,102271
0.7659673213,0.8818186174,0.53561,0.913,0.07389056366,0.248,0.7182721651,0.2817278349,1,1,1,0,110766
0.7792872356,0.7345427804,0.41179,0.866,0.07389056366,0.221,0.3131345324,0.6868654676,-1,-0.9920417156,-0.9721854138,1,190328
0.781394846,0.7629931694,0.48257,0.901,0.07389056366,0.303,0.6623294085,0.3376705915,1,1,1,0,151976
0.7879151708,0.3951086273,0.34673,0.873,0.07389056366,0.272,0.1974620564,0.8025379436,-1,-0.9962053176,-0.9915365406,1,242098
0.7620139675,0.8657295245,0.66774,0.929,0.07389056366,0.413,0.6904733116,0.3095266884,1,1,0.9999999236,0,182847
0.8020051456,0.8205333173,0.42373,0.909,0.07389056366,0.231,0.3226662164,0.6773337836,-1,-1,-1,1,173631
0.7813049297,0.9009340637,0.62811,0.919,0.07389056366,0.353,0.6260846963,0.3739153037,1,0.6339789907,0.618325384,0,158586
0.7810452188,0.9077507583,0.57874,0.908,0.07389056366,0.322,0.6616459872,0.3383540128,1,0.9999991169,0.9999968204,0,140183
0.7872335367,0.9290097816,0.62293,0.937,0.07389056366,0.342,0.6532937527,0.3467062473,0,1,1,0,144071
0.7480354728,0.7131473112,0.51527,0.895,0.05244618786,0.303,0,1,0,1,1,0,109641
0.7660934525,0.6606915089,0.40205,0.854,0.05244618786,0.168,0.7526543655,0.2473456345,1,1,1,0,63472
0.7558851571,0.7926701341,0.49178,0.881,0.05244618786,0.222,0.7829086592,0.2170913408,1,1,1,0,66501
0.7639904956,0.7542265494,0.52339,0.896,0.05244618786,0.264,0.7274842756,0.2725157244,1,1,1,0,90459
0.7441558029,0.6878099936,0.47442,0.876,0.05244618786,0.314,0.608008138,0.391991862,1,0.773789656,0.7608304016,0,145658
0.7759208695,0.7996173779,0.66106,0.925,0.0883828766,0.424,1,0,-1,-1,-1,1,297071
0.783284965,0.9002738912,0.46384,0.894,0.0883828766,0.25,0,1,1,1,1,0,168881
0.8059972119,0.7845214318,0.57649,0.92,0.0883828766,0.417,0.2214992022,0.7785007978,-1,-1,-1,1,343574
0.8104953765,0.8833179237,0.4418,0.917,0.0883828766,0.273,0.4169003438,0.5830996562,-1,-0.9880802049,-0.9431087442,1,240950
0.770360333,0.856614681,0.56481,0.891,0.0883828766,0.315,0.4457393846,0.5542606154,-1,-0.4709206615,-0.3741710637,1,234863
0.7834713807,0.7430746223,0.61354,0.932,0.09203065555,0.4,0.6326985635,0.3673014365,0,0.9888227436,0.4854539155,0,210627
0.7717705133,0.7015591012,0.55143,0.9,0.09203065555,0.337,0.6356849287,0.3643150713,1,0.9125166529,0.7463008987,0,155118
0.7848985565,0.7649721114,0.42513,0.831,0.09203065555,0.22,0.728997748,0.271002252,1,0.99997193,0.9999995182,0,95712
0.7706432423,0.7340241513,0.49093,0.88,0.09203065555,0.316,0.6842286549,0.3157713451,0,0.9430429612,0.8982280821,0,133023
0.7700361187,0.6872596438,0.46062,0.867,0.09203065555,0.251,0.6037803848,0.3962196152,1,0.05904001211,0.0671094173,0,145958
0.7943821984,0.3902240113,0.35014,0.831,0.09203065555,0.192,0.2826048394,0.7173951606,-1,-1,-1,1,197477
0.7908183317,0.6662750473,0.41296,0.862,0.09203065555,0.219,0.6304184737,0.3695815263,1,0.7970674638,0.7300295958,0,138863
0.6938536849,0.8982388962,0.62875,0.923,0.05401647523,0.315,0.7137010405,0.2862989595,1,1,1,0,104194
0.7230105679,0.8232535789,0.56311,0.903,0.05401647523,0.331,0.684403122,0.315596878,1,0.05522970514,0.06215237979,0,129762
0.7016604695,0.910736729,0.66478,0.946,0.05401647523,0.422,0,1,1,0.9851612779,0.9608635197,0,96067
0.6891407996,0.7972510554,0.65081,0.917,0.05401647523,0.324,0.5654840811,0.4345159189,1,0.1552447987,0.1616468202,0,175923
0.7620494834,0.7219977669,0.80492,0.908,0.06057554127,0.369,0.6205235608,0.3794764392,1,0.9722351829,0.9745081517,0,186923
0.7871206747,0.6692213498,0.63681,0.927,0.06057554127,0.35,0.6146040043,0.3853959957,1,0.9940784025,0.9881647683,1,185505
0.77207234,0.4484577747,0.50822,0.895,0.06057554127,0.266,0.3314518044,0.6685481956,-1,-0.7317565062,-0.7490459207,1,233326
0.7875525166,0.5194384239,0.52464,0.875,0.06057554127,0.298,0.42134982520000003,0.5786501748,-1,-0.4136130248,-0.2472244646,1,241142
0.8037834358,0.760818855,0.50005,0.873,0.06057554127,0.291,0.5834309191,0.4165690809,0,-0.1136389752,-0.1129512954,0,190315
0.7980400206,0.8228087725,0.49798,0.875,0.06057554127,0.273,0.6677832372,0.3322167628,0,0.7749980957,0.8343874783,0,134729
0.7681157953,0.6984738332,0.70994,0.916,0.06057554127,0.403,0.5765409184,0.4234590816,1,0.4243757491,0.3499248952,1,230893
0.7908331868,0.6271623697,1.00649,0.912,0.06057554127,0.622,0.2851466497,0.7148533503,-1,-0.9778629131,-0.8986680693,1,301454
0.7338875309,0.6844532171,1.16069,0.924,0.06057554127,0.561,0.528957122,0.471042878,1,0.08689712012,0.08733550038,1,268734
0.7644121483,0.5773391672,1.05024,0.92,0.06057554127,0.568,0,1,-1,-1,-1,1,280725
0.7721716825,0.6725333259,0.44824,0.878,0.07951458019,0.25,1,0,1,1,1,0,116949
0.7744606516,0.6455914132,0.43173,0.847,0.07951458019,0.231,0.5461524446,0.4538475554,1,1,1,0,105286
0.7800005067,0.686761775,0.42953,0.856,0.07951458019,0.217,0.6702312068,0.3297687932,1,0.9999999998,1,0,104595
0.7703605702,0.8666915614,0.40267,0.822,0.07951458019,0.179,1,0,1,1,1,0,56237
0.7843237568,0.3313429684,0.33366,0.843,0.07951458019,0.207,0,1,-1,-1,-1,1,225742
0.7615870777,0.6647027331,0.48583,0.863,0.08337377735,0.253,0.4612181964,0.5387818036,-1,-0.02543072638,-0.02412366143,1,188469
0.7971014493,0.816445479,0.48125,0.921,0.08337377735,0.354,0.5695849265,0.4304150735,0,0.3700974322,0.3769915748,1,209945
0.7341590618,0.6996755451,0.42173,0.769,0.08337377735,0.168,0,1,-1,-1,-1,1,174243
0.8087353186,0.885975877,0.45933,0.876,0.08337377735,0.193,0.714533522,0.285466478,1,0.9515848755,0.9567878637,0,120484
0.7369327791,0.844638947,0.68292,0.94,0.08337377735,0.36,0.6409516312,0.3590483688,1,0.9999427685,0.9999040688,0,183171
0.7947060799,0.8500256038,0.64223,0.935,0.08337377735,0.444,0.6213029059,0.3786970941,1,0.9999999684,0.9999999634,0,199644
0.704641254,0.6637381935,0.36097,0.688,0.08337377735,0.138,0.2474693073,0.7525306927,-1,-0.9962438263,-0.9743024113,1,165452
0.7913827444,0.8264055439,0.60342,0.917,0.08337377735,0.307,1,0,1,1,1,0,170816
0.7849439716,0.7344962903,0.52245,0.901,0.08337377735,0.397,0.3905841639,0.6094158361,0,-0.9140001344,-0.6500198046,1,217094
0.7340017546,0.7414027612,0.56256,0.81,0.103711194,0.179,0.5170045741,0.4829954259,1,0.1075422478,0.1673992676,1,166865
0.7788767692,0.5950833295,0.78487,0.875,0.103711194,0.441,0.2794717799,0.7205282201,-1,-0.9999995633,-0.9999844093,1,271063
0.8684635799,0.4772658041,0.88364,0.888,0.103711194,0.596,0,1,-1,-1,-1,1,281776
0.8684635799,0.4772658041,0.88364,0.888,0.103711194,0.596,0,1,-1,-1,-1,0,81174
0.8101328888,0.4138830959,0.64948,0.849,0.103711194,0.482,0.09215445178,0.9078455482,-1,-1,-1,1,327863
0.8011710905,0.4235175287,0.93666,0.892,0.103711194,0.489,0,1,-1,-1,-1,1,278227
0.768884639,0.4220110595,0.97232,0.904,0.103711194,0.459,0.2623320468,0.7376679532,-1,-1,-1,1,242991
0.708344067,0.5808029181,0.38381,0.672,0.103711194,0.121,0.4196515754,0.5803484246,-1,-0.2283541877,-0.2276895833,1,128690
0.792368606,0.2763689277,1.07946,0.918,0.103711194,0.564,0,1,-1,-1,-1,1,212137
0.7844109822,0.6260488362,1.12702,0.937,0.103711194,0.645,0.2885499954,0.7114500046,-1,-0.9999984293,-0.9999972886,1,217377
0.7844109822,0.6260488362,1.12702,0.937,0.103711194,0.645,0.2885499954,0.7114500046,-1,-0.9999984293,-0.9999972886,0,126750
0.7660358003,0.428275365,0.8501,0.823,0.103711194,0.365,0.2605556753,0.7394443247,-1,-1,-1,1,224385
0.800911706,0.859649074,0.46594,0.9,0.103711194,0.248,0.5905310219,0.4094689781,1,0.4573462337,0.4753967534,0,154073
0.7564111004,0.5787328949,0.62732,0.759,0.103711194,0.28,0.2924692425,0.7075307575,-1,-0.2312738714,-0.1495807256,1,236896
0.7061281447,0.7112469881,0.53868,0.818,0.103711194,0.252,0.6756509452,0.3243490548,1,1,1,0,144251
0.7295204259,0.752137314,0.56167,0.816,0.103711194,0.207,0.69175110930000006,0.3082488907,1,1,1,0,115896
0.7946567681,0.8064939821,0.64676,0.855,0.103711194,0.349,0.4658091334,0.5341908666,-1,-0.03348987254,-0.03455692717,1,212564
0.7646726978,0.8035886249,0.76719,0.841,0.103711194,0.336,0.3962048754,0.6037951246,-1,-0.9336934664,-0.7346868854,1,208856
0.8108053149,0.3703292571,0.70099,0.858,0.103711194,0.432,0.3257963867,0.6742036133,-1,-0.4974611262,-0.3166801427,1,221411
0.851715066,0.6819507868,0.58768,0.884,0.103711194,0.452,0.2201332056,0.7798667944,-1,-1,-1,1,244271
0.7718526925,0.5665034431,0.48293,0.712,0.103711194,0.198,0,1,-1,-1,-1,1,119420
0.7718526925,0.5665034431,0.48293,0.712,0.103711194,0.198,0,1,-1,-1,-1,0,91524
0.8006083574,0.7909370347,0.65158,0.916,0.103711194,0.423,0.2314990053,0.7685009947,-1,-1,-1,1,294435
0.8057639967,0.6309716922,0.72243,0.895,0.103711194,0.451,0.2736160847,0.7263839153,-1,-1,-1,1,240038
0.7391866787,0.5940504429,0.55451,0.81,0.103711194,0.251,0.4393246147,0.5606753853,-1,-0.3496993614,-0.2109766065,1,175315
0.7824992383,0.4335070045,0.61288,0.766,0.103711194,0.227,0,1,-1,-1,-1,1,172942
0.8143137355,0.7218603491,0.99902,0.955,0.103711194,0.639,0.335601525,0.664398475,-1,-0.9887444107,-0.8840105589,1,257094
0.79555170100000006,0.3701321756,0.37136,0.68,0.103711194,0.277,0,1,-1,-1,-1,1,108792
0.79555170100000006,0.3701321756,0.37136,0.68,0.103711194,0.277,0,1,-1,-1,-1,0,96554
0.7377854293,0.4583776705,0.559,0.719,0.103711194,0.159,0.2760908767,0.7239091233,-1,-1,-0.9999999999,1,169405
0.7929137798,0.7075791663,0.45708,0.815,0.103711194,0.206,0.3794606585,0.6205393415,-1,-0.648854186,-0.5391853386,1,185051
0.8154163105,0.4066724595,0.51531,0.813,0.103711194,0.389,0,1,-1,-1,-1,1,254916
0.777986103,0.4149434599,0.63212,0.821,0.103711194,0.246,0.2952170054,0.7047829946,-1,-1,-1,1,190467
0.777986103,0.4149434599,0.63212,0.821,0.103711194,0.246,0.2952170054,0.7047829946,-1,-1,-1,0,65739
0.765855271,0.6771140028,0.57926,0.838,0.103711194,0.251,0.4064856829,0.5935143171,-1,-0.1957611614,-0.1290752869,1,176036
0.7085706008,0.5353470942,0.41521,0.573,0.103711194,0.106,0,1,-1,-1,-1,1,135572
0.7339449182,0.4047664442,0.56824,0.758,0.103711194,0.174,0.3504862586,0.6495137414,-1,-0.3116866356,-0.2842199259,1,167938
0.7178047138,0.5797189258,0.73341,0.877,0.103711194,0.266,0.5882211803,0.4117788197,1,0.7367361111,0.6866773466,0,157667
0.7615281041,0.3495096935,0.50355,0.779,0.103711194,0.276,0.2391579657,0.7608420343,-1,-1,-1,1,199210
0.7237319358,0.4094508832,0.47683,0.65,0.103711194,0.133,0,1,-1,-1,-1,1,139661
0.7237319358,0.4094508832,0.47683,0.65,0.103711194,0.133,0,1,-1,-1,-1,0,66375
0.7836055079,0.607501758,0.93995,0.937,0.103711194,0.55,0.5855975167,0.4144024833,1,0.9999679947,0.9989813062,1,221843
0.7567518638,0.5157469758,0.56465,0.674,0.103711194,0.191,0,1,-1,-1,-1,1,157803
0.7882024972,0.5364962697,0.60841,0.817,0.103711194,0.331,0.3627855461,0.6372144539,-1,-0.7313930934,-0.6387962548,1,197028
0.799255022,0.6767493681,0.83894,0.899,0.103711194,0.451,0.5831973526,0.4168026474,1,0.6020866912,0.4872953458,0,193362
0.7749033251,0.7616578578,0.77558,0.898,0.103711194,0.459,0.5026132095,0.4973867905,0,0.03565814169,0.2045440517,1,205349
0.7924867386,0.8476543606,0.69051,0.935,0.103711194,0.329,0.6271988558,0.3728011442,1,0.710369043,0.754593785,0,194731
0.7586679534,0.7651911218,0.65656,0.876,0.103711194,0.294,0.6345126471,0.3654873529,1,0.9996481963,0.9991700339,0,166859
0.7435257523,0.6529251329,0.42561,0.715,0.103711194,0.148,0.2724584511,0.7275415489,-1,-0.8328023718,-0.8022269373,1,165596
0.8066008018,0.6642234198,0.86174,0.955,0.103711194,0.592,0.4347431515,0.5652568485,-1,-0.1515466987,-0.08189648171,1,244145
0.7965775489,0.6244862319,0.65332,0.895,0.103711194,0.386,0.329907461,0.670092539,-1,-0.2927454223,-0.2869282571,1,199244
0.7965775489,0.6244862319,0.65332,0.895,0.103711194,0.386,0.329907461,0.670092539,-1,-0.2927454223,-0.2869282571,0,135614
0.7959963847,0.6173287022,0.67273,0.879,0.103711194,0.324,0.2313148984,0.7686851016,-1,-1,-1,1,271233
0.7561490638,0.4844245523,0.49048,0.853,0.103711194,0.284,0.245729845,0.754270155,-1,-1,-1,1,229648
0.7702567722,0.6270090296,0.66846,0.898,0.103711194,0.334,0.4882862823,0.5117137177,-1,-0.1984100594,-0.2013771862,1,217416
0.7273417802,0.765937717,0.47171,0.831,0.103711194,0.159,0.6225801906,0.3774198094,1,0.9870490444,0.9918365799,0,124400
0.728181271,0.5246569009,0.57832,0.823,0.103711194,0.213,0.4264047727,0.5735952273,-1,-0.9544366563,-0.9386061198,1,174252
0.7995259947,0.778926112,0.58507,0.895,0.07880401274,0.488,0.2899106778,0.7100893222,-1,-0.9608365972,-0.9510405197,1,331621
0.8113660292,0.9119032078,0.72006,0.963,0.07880401274,0.564,0.3951894108,0.6048105892,0,-0.6217507781,-0.6002612049,1,316925
0.7827434561,0.8851147065,0.49977,0.908,0.07880401274,0.31,0.5750505443,0.4249494557,1,0.01283773319,0.01844916721,0,194122
0.7451945608,0.8978881641,0.67813,0.907,0.07880401274,0.36,0.6675146287,0.3324853713,1,0.8553353798,0.7278832198,0,173945
0.7654341676,0.8095062417,0.58613,0.935,0.07880401274,0.372,0.6687361511,0.3312638489,1,0.9995889368,0.987666451,0,161600
0.7507181121,0.7375453577,0.7247,0.916,0.07880401274,0.431,0.5443951386,0.4556048614,1,0.0121908426,0.01331801166,1,250314
0.7698333079,0.8777954013,0.62806,0.893,0.07880401274,0.346,0.4190108893,0.5809891107,-1,-0.9979704136,-0.9974054402,1,250525
0.7884418072,0.6844501618,0.68058,0.894,0.08349029388,0.372,0.3449438202,0.6550561798,-1,-0.9999999358,-0.9999993147,1,222668
0.8137906488,0.8581769867,0.7276,0.926,0.08349029388,0.35,0.3474042729,0.6525957271,-1,-0.9779777051,-0.9743494483,1,217982
0.8012677466,0.7285132727,0.64333,0.923,0.08349029388,0.355,0.3096309631,0.6903690369,-1,-1,-1,1,203265
0.7644614542,0.7352104618,0.90142,0.893,0.08349029388,0.492,0.401,0.599,-1,-0.861462341,-0.5330847439,1,223832
0.7988180344,0.789629609,0.68984,0.886,0.08349029388,0.365,0.4200420042,0.5799579958,0,-0.9303059094,-0.8575907141,1,192484
0.6980798813,0.7163398747,0.38462,0.613,0.103711194,0.083,0.5673826355,0.4326173645,1,0.2548501758,0.3207673265,0,84406
0.7383877851,0.6332543575,0.73819,0.86,0.103711194,0.276,0.5313006153,0.4686993847,1,0.001937515821,1.714009228e-4,0,169305
0.7767407126,0.5016864002,0.80844,0.885,0.103711194,0.417,0.5723042937,0.4276957063,0,0.9999681735,0.9998309201,0,169837
